<?xml version="1.0" encoding="utf-8" ?>
<widget xmlns="http://openajax.org/metadata" spec="1.0" name="heart-city-1" version="1">

<description type="text/html"><![CDATA[Widget Exported from Flash Professional]]></description>

<category name="Flash Animation"/>
<remarks>Compatible with: InDesign CC, Dreamweaver CC, Muse</remarks>
<icon src="PosterImg_310.png" width="1024" height="750"/>
<require type="other" src="heart-city-1.html"/>
<require type="javascript" src="heart-city-1.js"/>
<require type="image" src="images/heart_city_1_atlas_P_.png"/>
<require type="other" src="images/_preloader.gif"/>
<require type="folder" src="images"/>
<content></content>

<properties name="Properties">
<property name="default-width" defaultValue="1024" hidden="true"/>
<property name="default-height" defaultValue="750" hidden="true"/>
<property name="resizable" defaultValue="true" hidden="true"/>
<property name="centering" defaultValue="both" hidden="true"/>
<property name="scaling" defaultValue="both" hidden="true"/>
<property name="html-page" defaultValue="heart-city-1.html" hidden="true"/>
<property name="target-platform" defaultValue="htmlcanvas" hidden="true"/>
<property name="created-in" defaultValue="Adobe Animate CC" hidden="true"/>
</properties>

</widget>
